trial,value,state,STOP_LOSS_PCT,total_trades,win_rate,sharpe_ratio,max_drawdown_pct,final_capital
0,343.77298013575637,TrialState.COMPLETE,0.025886425578927532,180.0,41.11111111111111,1.2569421787996793,74.08380380543895,11375.091920543025
1,260.6563193384495,TrialState.COMPLETE,0.09230945183570899,117.0,52.13675213675214,1.329469874824263,86.48116201268888,11042.625277353798
2,330.285586970469,TrialState.COMPLETE,0.1319135330924827,98.0,53.06122448979592,1.2688134040772803,78.82114646863644,11321.142347881876
3,369.50590104210505,TrialState.COMPLETE,0.10601337473224755,114.0,50.877192982456144,1.356388334532128,82.22569360750074,11478.02360416842
4,252.53187855181477,TrialState.COMPLETE,0.11066770998708789,111.0,47.74774774774775,1.3542733624515964,84.24202579467415,11010.127514207259
5,276.4197459743409,TrialState.COMPLETE,0.14000941187620572,96.0,53.125,1.4289739486322424,85.06957282797069,11105.678983897364
6,228.03824167560242,TrialState.COMPLETE,0.08027868676418758,131.0,47.32824427480916,1.3846565783762128,83.6866616611934,10912.15296670241
7,314.1717491525269,TrialState.COMPLETE,0.049207952518643516,155.0,45.806451612903224,1.2483954119574832,88.72162079077258,11256.686996610108
8,175.5839532066575,TrialState.COMPLETE,0.08576144550659587,121.0,49.586776859504134,1.3522040627678227,85.21170922920143,10702.33581282663
9,260.3418638948956,TrialState.COMPLETE,0.03128595257083051,173.0,41.61849710982659,1.3157710480532665,75.28894176991479,11041.367455579582
10,-1000.0,TrialState.COMPLETE,0.18613397858612718,0.0,0.0,0.0,0.0,10000.0
11,211.3987779908539,TrialState.COMPLETE,0.179783518864524,74.0,52.702702702702695,1.2305104963180513,86.08641962643576,10845.595111963416
13,396.5831206617481,TrialState.COMPLETE,0.020072427406260612,184.0,39.130434782608695,1.2223991786346529,75.1501990219584,11586.332482646993
14,339.16498891293986,TrialState.COMPLETE,0.05814041369766531,138.0,50.0,1.2381846421711835,82.64123147407628,11356.65995565176
15,323.2107041799486,TrialState.COMPLETE,0.15349939550293012,95.0,55.78947368421052,1.2069825560926173,83.14867754821174,11292.842816719794
16,442.75068412181145,TrialState.COMPLETE,0.05483770887021112,138.0,49.275362318840585,1.2458413989368422,85.7114900336513,11771.002736487246
17,458.1526107987256,TrialState.COMPLETE,0.05458511374427787,138.0,49.275362318840585,1.244520568334193,85.20842283811699,11832.610443194902
18,337.90616843584394,TrialState.COMPLETE,0.06227830068950053,134.0,50.0,1.2649004893523355,82.51054677032461,11351.624673743376
19,411.1307506513858,TrialState.COMPLETE,0.0677291239030628,130.0,50.76923076923077,1.2334448180457054,80.68897390734551,11644.523002605543
20,484.1989408290424,TrialState.COMPLETE,0.047483863066679885,149.0,48.322147651006716,1.2359860490992178,85.75247160031712,11936.79576331617
21,349.1669548237737,TrialState.COMPLETE,0.03911214436234098,167.0,44.31137724550898,1.2924556356589378,83.47783165384331,11396.667819295095
22,428.19490634554586,TrialState.COMPLETE,0.045780834957979286,156.0,46.794871794871796,1.2628923859316095,87.12921860389187,11712.779625382183
23,327.7913247168176,TrialState.COMPLETE,0.07329205585593745,131.0,50.38167938931297,1.210622953601295,82.58139684170128,11311.16529886727
24,431.97470043619296,TrialState.COMPLETE,0.052625510042266815,139.0,49.64028776978417,1.246191457511084,85.75213158793635,11727.898801744772
25,266.2619025861304,TrialState.COMPLETE,0.09942104798799521,111.0,50.45045045045045,1.3321419458805923,81.26437899723584,11065.047610344522
26,344.4744557047775,TrialState.COMPLETE,0.03925671681936174,165.0,44.24242424242424,1.2931626872989728,83.64819237452254,11377.89782281911
27,332.8686683275696,TrialState.COMPLETE,0.0701387993976314,131.0,50.38167938931297,1.2105335834885496,82.56279090081058,11331.474673310278
28,299.40064283314314,TrialState.COMPLETE,0.12087489947134306,106.0,53.77358490566038,1.1572293832759346,80.15200473309773,11197.602571332573
29,357.46202420117106,TrialState.COMPLETE,0.03383668174091766,171.0,42.69005847953216,1.2901015695578093,83.02834092371799,11429.848096804684
30,348.3972736762903,TrialState.COMPLETE,0.026970728813392665,178.0,41.01123595505618,1.2858835236304633,76.11075435225449,11393.589094705161
31,232.06867976573767,TrialState.COMPLETE,0.08202628687394321,125.0,50.4,1.234437349165824,84.18624394336538,10928.27471906295
32,477.6530492102452,TrialState.COMPLETE,0.05387494236374981,139.0,49.64028776978417,1.2439280680582154,85.20842326342635,11910.61219684098
33,386.5472478349293,TrialState.COMPLETE,0.05726673759689267,140.0,49.28571428571429,1.2750295162514536,82.36054368704029,11546.188991339717
34,428.19489491861486,TrialState.COMPLETE,0.04561169867431733,156.0,46.794871794871796,1.2628923861416022,87.12921893029109,11712.77957967446
35,316.71459144248456,TrialState.COMPLETE,0.0744567731032722,132.0,50.0,1.2229460688645033,82.88840204939522,11266.858365769938
36,281.5783146451013,TrialState.COMPLETE,0.09585096904634038,113.0,51.32743362831859,1.2922847262493047,80.9013779711963,11126.313258580405
37,343.5265166592517,TrialState.COMPLETE,0.06003583427396931,135.0,49.629629629629626,1.259311818190912,82.27661060287834,11374.106066637007
38,396.58315498831826,TrialState.COMPLETE,0.020377678796548726,184.0,39.130434782608695,1.2223991667323106,75.15019814715933,11586.332619953273
39,291.85375739005804,TrialState.COMPLETE,0.11193162597908785,110.0,52.72727272727272,1.152920346606481,80.32840356046461,11167.415029560232
40,392.34669999404923,TrialState.COMPLETE,0.04079978116908472,160.0,45.0,1.254489951904462,81.50055401083233,11569.386799976197
41,268.7298031461737,TrialState.COMPLETE,0.08045226675791764,126.0,50.79365079365079,1.2366509240520267,84.18624394336538,11074.919212584695
42,343.52656241275326,TrialState.COMPLETE,0.0603551021036084,135.0,49.629629629629626,1.259311808878986,82.27660935611462,11374.106249651013
43,396.3383910108105,TrialState.COMPLETE,0.05183472954902737,144.0,48.61111111111111,1.2404722235619428,86.86630265690053,11585.353564043242
44,458.1525497635389,TrialState.COMPLETE,0.05407282392948017,138.0,49.275362318840585,1.244520576126518,85.20842453680649,11832.610199054156
45,182.18330098072738,TrialState.COMPLETE,0.08893470358576691,120.0,50.0,1.2611017406379093,85.79485282108095,10728.73320392291
46,357.6117855180769,TrialState.COMPLETE,0.03362493991412835,171.0,42.69005847953216,1.2900659032423922,83.02422435201964,11430.447142072308
47,411.13073536970114,TrialState.COMPLETE,0.06726162553179885,130.0,50.76923076923077,1.2334448211427878,80.68897431020879,11644.522941478805
48,321.25603761636967,TrialState.COMPLETE,0.15309829207036946,96.0,55.208333333333336,1.1733962704202983,77.98682890338475,11285.024150465479
49,451.7824470271412,TrialState.COMPLETE,0.05028282101205929,147.0,48.97959183673469,1.239062643819387,86.97065514912865,11807.129788108565
50,479.6644339323484,TrialState.COMPLETE,0.047774629973757934,149.0,48.322147651006716,1.2359265495239442,85.76340943964868,11918.657735729394
51,409.9700159682143,TrialState.COMPLETE,0.028184252888502785,176.0,42.04545454545455,1.2656145735236637,74.53880174640037,11639.880063872857
52,427.61077875373485,TrialState.COMPLETE,0.046276454811650394,156.0,46.794871794871796,1.2629527427317409,87.14590683788458,11710.44311501494
53,-1000.0,TrialState.COMPLETE,0.03841169072123932,,,,,
54,-1000.0,TrialState.COMPLETE,0.06599624884688424,,,,,
55,-1000.0,TrialState.COMPLETE,0.04978498041032677,,,,,
56,-1000.0,TrialState.COMPLETE,0.07363825073341977,,,,,
57,-1000.0,TrialState.COMPLETE,0.04336494411000632,,,,,
58,-1000.0,TrialState.COMPLETE,0.05482236836012067,,,,,
59,-1000.0,TrialState.COMPLETE,0.03557473137110066,,,,,
60,-1000.0,TrialState.COMPLETE,0.06272580681491777,,,,,
61,-1000.0,TrialState.COMPLETE,0.19674502270933836,,,,,
62,-1000.0,TrialState.COMPLETE,0.05227077479950249,,,,,
63,-1000.0,TrialState.COMPLETE,0.04679077897949176,,,,,
64,-1000.0,TrialState.COMPLETE,0.057163365936623245,,,,,
65,-1000.0,TrialState.COMPLETE,0.07577193781369487,,,,,
66,-1000.0,TrialState.COMPLETE,0.024503873846457278,,,,,
67,-1000.0,TrialState.COMPLETE,0.032786159233949785,,,,,
68,-1000.0,TrialState.COMPLETE,0.06818113743718154,,,,,
69,-1000.0,TrialState.COMPLETE,0.06324412556300896,,,,,
70,-1000.0,TrialState.COMPLETE,0.041797288319694856,,,,,
71,-1000.0,TrialState.COMPLETE,0.13030154122236182,,,,,
72,-1000.0,TrialState.COMPLETE,0.05216343008864879,,,,,
73,-1000.0,TrialState.COMPLETE,0.05545207883810224,,,,,
74,-1000.0,TrialState.COMPLETE,0.048253356652219005,,,,,
75,-1000.0,TrialState.COMPLETE,0.05872854403616462,,,,,
76,-1000.0,TrialState.COMPLETE,0.0836210881335002,,,,,
77,-1000.0,TrialState.COMPLETE,0.03796948527812457,,,,,
78,-1000.0,TrialState.COMPLETE,0.04209809410820857,,,,,
79,-1000.0,TrialState.COMPLETE,0.02723168337087172,,,,,
80,-1000.0,TrialState.COMPLETE,0.06358829909367812,,,,,
81,-1000.0,TrialState.COMPLETE,0.0767518783021317,,,,,
82,-1000.0,TrialState.COMPLETE,0.050583860296061,,,,,
83,-1000.0,TrialState.COMPLETE,0.04455893041210401,,,,,
84,-1000.0,TrialState.COMPLETE,0.07104379213131752,,,,,
85,-1000.0,TrialState.COMPLETE,0.05502195790295042,,,,,
86,-1000.0,TrialState.COMPLETE,0.02967396667859941,,,,,
87,-1000.0,TrialState.COMPLETE,0.04742174042469023,,,,,
88,-1000.0,TrialState.COMPLETE,0.037397533965751725,,,,,
89,-1000.0,TrialState.COMPLETE,0.10262443466924484,,,,,
90,-1000.0,TrialState.COMPLETE,0.05350684936518489,,,,,
91,-1000.0,TrialState.COMPLETE,0.05960000766962509,,,,,
92,-1000.0,TrialState.COMPLETE,0.04444282212432739,,,,,
93,-1000.0,TrialState.COMPLETE,0.0482964676431943,,,,,
94,-1000.0,TrialState.COMPLETE,0.03460486677066532,,,,,
95,-1000.0,TrialState.COMPLETE,0.0415357576804322,,,,,
96,-1000.0,TrialState.COMPLETE,0.06534884989639463,,,,,
97,-1000.0,TrialState.COMPLETE,0.06033701477665303,,,,,
98,-1000.0,TrialState.COMPLETE,0.051644805892804575,,,,,
99,-1000.0,TrialState.COMPLETE,0.17487479211985876,,,,,
100,-1000.0,TrialState.COMPLETE,0.03152031838815187,,,,,
101,-1000.0,TrialState.COMPLETE,0.023659921603146717,,,,,
102,-1000.0,TrialState.COMPLETE,0.04481706965309761,,,,,
103,-1000.0,TrialState.COMPLETE,0.055721591575488734,,,,,
104,-1000.0,TrialState.COMPLETE,0.047878967903430075,,,,,
105,-1000.0,TrialState.COMPLETE,0.07047646005054256,,,,,
106,-1000.0,TrialState.COMPLETE,0.04020926044107692,,,,,
107,-1000.0,TrialState.COMPLETE,0.05725388246565828,,,,,
108,-1000.0,TrialState.COMPLETE,0.03634859852440113,,,,,
109,-1000.0,TrialState.COMPLETE,0.045603242551338914,,,,,
110,-1000.0,TrialState.COMPLETE,0.05289090351774188,,,,,
111,-1000.0,TrialState.COMPLETE,0.06150388802859565,,,,,
112,-1000.0,TrialState.COMPLETE,0.04939916672979087,,,,,
113,-1000.0,TrialState.COMPLETE,0.06645522040289194,,,,,
114,-1000.0,TrialState.COMPLETE,0.04030416323579632,,,,,
115,-1000.0,TrialState.COMPLETE,0.054134127086397796,,,,,
116,-1000.0,TrialState.COMPLETE,0.04597737674239053,,,,,
117,-1000.0,TrialState.COMPLETE,0.05868882759037271,,,,,
118,-1000.0,TrialState.COMPLETE,0.05119906348634794,,,,,
119,-1000.0,TrialState.COMPLETE,0.06362269112575027,,,,,
120,-1000.0,TrialState.COMPLETE,0.08888172589597773,,,,,
121,-1000.0,TrialState.COMPLETE,0.04273425694449424,,,,,
122,-1000.0,TrialState.COMPLETE,0.06866533266602931,,,,,
123,-1000.0,TrialState.COMPLETE,0.056257671357835354,,,,,
124,-1000.0,TrialState.COMPLETE,0.04977554896406275,,,,,
125,-1000.0,TrialState.COMPLETE,0.073974922878287,,,,,
126,-1000.0,TrialState.COMPLETE,0.061196368038214544,,,,,
127,-1000.0,TrialState.COMPLETE,0.11123150554873958,,,,,
128,-1000.0,TrialState.COMPLETE,0.07873709140052863,,,,,
129,-1000.0,TrialState.COMPLETE,0.037150284281430995,,,,,
130,-1000.0,TrialState.COMPLETE,0.06719185082205692,,,,,
131,-1000.0,TrialState.COMPLETE,0.047000254356514774,,,,,
132,-1000.0,TrialState.COMPLETE,0.030718997529082123,,,,,
133,-1000.0,TrialState.COMPLETE,0.05305424666196323,,,,,
134,-1000.0,TrialState.COMPLETE,0.02156311049971845,,,,,
135,-1000.0,TrialState.COMPLETE,0.028498771726432236,,,,,
136,-1000.0,TrialState.COMPLETE,0.044422343016856214,,,,,
137,-1000.0,TrialState.COMPLETE,0.0343970113403288,,,,,
138,-1000.0,TrialState.COMPLETE,0.056771411716921266,,,,,
139,-1000.0,TrialState.COMPLETE,0.12293324817130032,,,,,
140,-1000.0,TrialState.COMPLETE,0.0403194237044771,,,,,
141,-1000.0,TrialState.COMPLETE,0.0586176285390298,,,,,
142,-1000.0,TrialState.COMPLETE,0.050444324025279125,,,,,
143,-1000.0,TrialState.COMPLETE,0.028698368831553238,,,,,
144,-1000.0,TrialState.COMPLETE,0.020024381454444188,,,,,
145,-1000.0,TrialState.COMPLETE,0.027042651596606463,,,,,
146,-1000.0,TrialState.COMPLETE,0.04316012501317113,,,,,
147,-1000.0,TrialState.COMPLETE,0.022808278096471152,,,,,
148,-1000.0,TrialState.COMPLETE,0.14200913889462746,,,,,
149,-1000.0,TrialState.COMPLETE,0.048102428114308586,,,,,
150,-1000.0,TrialState.COMPLETE,0.05379972379622248,,,,,
151,-1000.0,TrialState.COMPLETE,0.0351567724818314,,,,,
152,-1000.0,TrialState.COMPLETE,0.024103859463749242,,,,,
153,-1000.0,TrialState.COMPLETE,0.025951231874917536,,,,,
154,-1000.0,TrialState.COMPLETE,0.03825214098442625,,,,,
155,-1000.0,TrialState.COMPLETE,0.03244022562897746,,,,,
156,-1000.0,TrialState.COMPLETE,0.05050055548709365,,,,,
157,-1000.0,TrialState.COMPLETE,0.061705433909774246,,,,,
158,-1000.0,TrialState.COMPLETE,0.04573565078148806,,,,,
159,-1000.0,TrialState.COMPLETE,0.05681816357288402,,,,,
160,-1000.0,TrialState.COMPLETE,0.06414952277509507,,,,,
161,-1000.0,TrialState.COMPLETE,0.020704965742893287,,,,,
162,-1000.0,TrialState.COMPLETE,0.05085366561073885,,,,,
163,-1000.0,TrialState.COMPLETE,0.05507690066053061,,,,,
164,-1000.0,TrialState.COMPLETE,0.040605251341713416,,,,,
165,-1000.0,TrialState.COMPLETE,0.04796164538416175,,,,,
166,-1000.0,TrialState.COMPLETE,0.05342493161982159,,,,,
167,-1000.0,TrialState.COMPLETE,0.04348176538312891,,,,,
168,-1000.0,TrialState.COMPLETE,0.05926252342656288,,,,,
169,-1000.0,TrialState.COMPLETE,0.07184801017382858,,,,,
170,-1000.0,TrialState.COMPLETE,0.09345513753653181,,,,,
171,-1000.0,TrialState.COMPLETE,0.04695372061680106,,,,,
172,-1000.0,TrialState.COMPLETE,0.03904253446778083,,,,,
173,-1000.0,TrialState.COMPLETE,0.051953258197757674,,,,,
174,-1000.0,TrialState.COMPLETE,0.04324449897096526,,,,,
175,-1000.0,TrialState.COMPLETE,0.030124439876889182,,,,,
176,-1000.0,TrialState.COMPLETE,0.04862499430446244,,,,,
177,-1000.0,TrialState.COMPLETE,0.03357697355933821,,,,,
178,-1000.0,TrialState.COMPLETE,0.0557945728186686,,,,,
179,-1000.0,TrialState.COMPLETE,0.0248604407149283,,,,,
180,-1000.0,TrialState.COMPLETE,0.04518116331226299,,,,,
181,-1000.0,TrialState.COMPLETE,0.05186712468154446,,,,,
182,-1000.0,TrialState.COMPLETE,0.06058071282070475,,,,,
183,-1000.0,TrialState.COMPLETE,0.05677905352399786,,,,,
184,-1000.0,TrialState.COMPLETE,0.16913455436599517,,,,,
185,-1000.0,TrialState.COMPLETE,0.06569824234124694,,,,,
186,-1000.0,TrialState.COMPLETE,0.02015665288469336,,,,,
187,-1000.0,TrialState.COMPLETE,0.04911725582638678,,,,,
188,-1000.0,TrialState.COMPLETE,0.0418601578707856,,,,,
189,-1000.0,TrialState.COMPLETE,0.054023140711100405,,,,,
190,-1000.0,TrialState.COMPLETE,0.057867626476423926,,,,,
191,-1000.0,TrialState.COMPLETE,0.04645351329586032,,,,,
192,-1000.0,TrialState.COMPLETE,0.05086277211382142,,,,,
193,-1000.0,TrialState.COMPLETE,0.09793344898870285,,,,,
194,-1000.0,TrialState.COMPLETE,0.1498066971181048,,,,,
195,-1000.0,TrialState.COMPLETE,0.0855331050000627,,,,,
196,-1000.0,TrialState.COMPLETE,0.06278682866640088,,,,,
197,-1000.0,TrialState.COMPLETE,0.051058721697173515,,,,,
198,-1000.0,TrialState.COMPLETE,0.10416477105735417,,,,,
199,-1000.0,TrialState.COMPLETE,0.1162255207944509,,,,,
200,-1000.0,TrialState.COMPLETE,0.03814709619026914,,,,,
201,-1000.0,TrialState.COMPLETE,0.04550601350645164,,,,,
202,-1000.0,TrialState.COMPLETE,0.02610959542274928,,,,,
203,-1000.0,TrialState.COMPLETE,0.030890645714146146,,,,,
204,-1000.0,TrialState.COMPLETE,0.04216537289143332,,,,,
205,-1000.0,TrialState.COMPLETE,0.034967058223913966,,,,,
206,-1000.0,TrialState.COMPLETE,0.05515071124190243,,,,,
207,-1000.0,TrialState.COMPLETE,0.03860086143468757,,,,,
208,-1000.0,TrialState.COMPLETE,0.028267997674400407,,,,,
209,-1000.0,TrialState.COMPLETE,0.04773367284004065,,,,,
210,-1000.0,TrialState.COMPLETE,0.059249461358612296,,,,,
211,-1000.0,TrialState.COMPLETE,0.024115792158975684,,,,,
212,-1000.0,TrialState.COMPLETE,0.03303156007654867,,,,,
213,-1000.0,TrialState.COMPLETE,0.03632782576907832,,,,,
214,-1000.0,TrialState.COMPLETE,0.12576192754838272,,,,,
215,-1000.0,TrialState.COMPLETE,0.043009617661268984,,,,,
216,-1000.0,TrialState.COMPLETE,0.051998956668701427,,,,,
217,-1000.0,TrialState.COMPLETE,0.04760469243835671,,,,,
218,-1000.0,TrialState.COMPLETE,0.08078403050251544,,,,,
219,-1000.0,TrialState.COMPLETE,0.053821669879178836,,,,,
220,-1000.0,TrialState.COMPLETE,0.040366201970561934,,,,,
221,-1000.0,TrialState.COMPLETE,0.031158026360212997,,,,,
222,-1000.0,TrialState.COMPLETE,0.04483922336770915,,,,,
223,-1000.0,TrialState.COMPLETE,0.03675838099374966,,,,,
224,-1000.0,TrialState.COMPLETE,0.0493671805499762,,,,,
225,-1000.0,TrialState.COMPLETE,0.04154714031241658,,,,,
226,-1000.0,TrialState.COMPLETE,0.02714801147902382,,,,,
227,-1000.0,TrialState.COMPLETE,0.054748638716382254,,,,,
228,-1000.0,TrialState.COMPLETE,0.023242927085373104,,,,,
229,-1000.0,TrialState.COMPLETE,0.19700372688112816,,,,,
230,-1000.0,TrialState.COMPLETE,0.03443167023160255,,,,,
231,-1000.0,TrialState.COMPLETE,0.04540414134603528,,,,,
232,-1000.0,TrialState.COMPLETE,0.023413700143377906,,,,,
233,-1000.0,TrialState.COMPLETE,0.03088917278353545,,,,,
234,-1000.0,TrialState.COMPLETE,0.02705249279805083,,,,,
235,-1000.0,TrialState.COMPLETE,0.04904471879654421,,,,,
236,-1000.0,TrialState.COMPLETE,0.02108581206907089,,,,,
237,-1000.0,TrialState.COMPLETE,0.05847904925300058,,,,,
238,-1000.0,TrialState.COMPLETE,0.03917037127762667,,,,,
239,-1000.0,TrialState.COMPLETE,0.052933506469362505,,,,,
240,-1000.0,TrialState.COMPLETE,0.029541306820905607,,,,,
241,-1000.0,TrialState.COMPLETE,0.04387710741524819,,,,,
242,-1000.0,TrialState.COMPLETE,0.03445028134898073,,,,,
243,-1000.0,TrialState.COMPLETE,0.05056990073957934,,,,,
244,-1000.0,TrialState.COMPLETE,0.03941556990466113,,,,,
245,-1000.0,TrialState.COMPLETE,0.1367061245977796,,,,,
246,-1000.0,TrialState.COMPLETE,0.0481322886683994,,,,,
247,-1000.0,TrialState.COMPLETE,0.10550413482918622,,,,,
248,-1000.0,TrialState.COMPLETE,0.04235274375831499,,,,,
249,-1000.0,TrialState.COMPLETE,0.056182519673199156,,,,,
250,-1000.0,TrialState.COMPLETE,0.020445398360758895,,,,,
251,-1000.0,TrialState.COMPLETE,0.03594115709340756,,,,,
252,-1000.0,TrialState.COMPLETE,0.0691499522357047,,,,,
253,-1000.0,TrialState.COMPLETE,0.1615751394659445,,,,,
254,-1000.0,TrialState.COMPLETE,0.02629089009645385,,,,,
255,-1000.0,TrialState.COMPLETE,0.05191013119896851,,,,,
256,-1000.0,TrialState.COMPLETE,0.07549378831803079,,,,,
257,-1000.0,TrialState.COMPLETE,0.046323555728488716,,,,,
258,-1000.0,TrialState.COMPLETE,0.03277812781707651,,,,,
259,-1000.0,TrialState.COMPLETE,0.0389823873063421,,,,,
260,-1000.0,TrialState.COMPLETE,0.06108149883707884,,,,,
261,-1000.0,TrialState.COMPLETE,0.05601660093340328,,,,,
262,-1000.0,TrialState.COMPLETE,0.04559578410764492,,,,,
263,-1000.0,TrialState.COMPLETE,0.1923751478732714,,,,,
264,-1000.0,TrialState.COMPLETE,0.05232500075378171,,,,,
265,-1000.0,TrialState.COMPLETE,0.02855928381281054,,,,,
266,-1000.0,TrialState.COMPLETE,0.04897631057288771,,,,,
267,-1000.0,TrialState.COMPLETE,0.06491859128022211,,,,,
268,-1000.0,TrialState.COMPLETE,0.04206944437647389,,,,,
269,-1000.0,TrialState.COMPLETE,0.03646797496751562,,,,,
270,-1000.0,TrialState.COMPLETE,0.05814229416242742,,,,,
271,-1000.0,TrialState.COMPLETE,0.02326919980799319,,,,,
272,-1000.0,TrialState.COMPLETE,0.08975336647041177,,,,,
273,-1000.0,TrialState.COMPLETE,0.03182733552512898,,,,,
274,-1000.0,TrialState.COMPLETE,0.04505845147723619,,,,,
275,-1000.0,TrialState.COMPLETE,0.05365192133649517,,,,,
276,-1000.0,TrialState.COMPLETE,0.049709325436306045,,,,,
277,-1000.0,TrialState.COMPLETE,0.04035319121325444,,,,,
278,-1000.0,TrialState.COMPLETE,0.025004691922768673,,,,,
279,-1000.0,TrialState.COMPLETE,0.061178869521758,,,,,
280,-1000.0,TrialState.COMPLETE,0.04862128889292455,,,,,
281,-1000.0,TrialState.COMPLETE,0.04339083599767331,,,,,
282,-1000.0,TrialState.COMPLETE,0.053529974170137704,,,,,
283,-1000.0,TrialState.COMPLETE,0.11663528555461913,,,,,
284,-1000.0,TrialState.COMPLETE,0.03800905757485532,,,,,
285,-1000.0,TrialState.COMPLETE,0.028819278930978985,,,,,
286,-1000.0,TrialState.COMPLETE,0.02030184606350486,,,,,
287,-1000.0,TrialState.COMPLETE,0.055635918334127475,,,,,
288,-1000.0,TrialState.COMPLETE,0.03268000624597856,,,,,
289,-1000.0,TrialState.COMPLETE,0.04502624992950693,,,,,
290,-1000.0,TrialState.COMPLETE,0.05040482323479807,,,,,
291,-1000.0,TrialState.COMPLETE,0.05846606583468511,,,,,
292,-1000.0,TrialState.COMPLETE,0.041194883253675325,,,,,
293,-1000.0,TrialState.COMPLETE,0.047680206697469904,,,,,
294,-1000.0,TrialState.COMPLETE,0.035877135302551974,,,,,
295,-1000.0,TrialState.COMPLETE,0.06355951731404076,,,,,
296,-1000.0,TrialState.COMPLETE,0.025694307143692925,,,,,
297,-1000.0,TrialState.COMPLETE,0.052602542422371536,,,,,
298,-1000.0,TrialState.COMPLETE,0.04646555915246936,,,,,
299,-1000.0,TrialState.COMPLETE,0.07236781035386128,,,,,
300,-1000.0,TrialState.COMPLETE,0.029922228651910375,,,,,
301,-1000.0,TrialState.COMPLETE,0.05613579151632172,,,,,
302,-1000.0,TrialState.COMPLETE,0.041081507678773437,,,,,
303,-1000.0,TrialState.COMPLETE,0.05036292333206955,,,,,
304,-1000.0,TrialState.COMPLETE,0.06738413276774738,,,,,
305,-1000.0,TrialState.COMPLETE,0.03480563627702879,,,,,
306,-1000.0,TrialState.COMPLETE,0.043910254391119535,,,,,
307,-1000.0,TrialState.COMPLETE,0.05984012718198411,,,,,
308,-1000.0,TrialState.COMPLETE,0.02359397661390063,,,,,
309,-1000.0,TrialState.COMPLETE,0.037947670974830136,,,,,
310,-1000.0,TrialState.COMPLETE,0.05303945197984845,,,,,
311,-1000.0,TrialState.COMPLETE,0.047413253969140416,,,,,
312,-1000.0,TrialState.COMPLETE,0.07869265706018502,,,,,
313,-1000.0,TrialState.COMPLETE,0.0332461124588909,,,,,
314,-1000.0,TrialState.COMPLETE,0.027952539245691212,,,,,
315,-1000.0,TrialState.COMPLETE,0.05022914844049638,,,,,
316,-1000.0,TrialState.COMPLETE,0.05578790114873647,,,,,
317,-1000.0,TrialState.COMPLETE,0.043125601268100326,,,,,
318,-1000.0,TrialState.COMPLETE,0.03929366547827553,,,,,
319,-1000.0,TrialState.COMPLETE,0.05176435953911696,,,,,
320,-1000.0,TrialState.COMPLETE,0.04692138314007825,,,,,
321,-1000.0,TrialState.COMPLETE,0.02020217945759331,,,,,
322,-1000.0,TrialState.COMPLETE,0.0574392691774783,,,,,
323,-1000.0,TrialState.COMPLETE,0.06159526670672522,,,,,
324,-1000.0,TrialState.COMPLETE,0.024495412587834216,,,,,
325,-1000.0,TrialState.COMPLETE,0.03064417647887972,,,,,
326,-1000.0,TrialState.COMPLETE,0.04359507356518023,,,,,
327,-1000.0,TrialState.COMPLETE,0.03642723920334117,,,,,
328,-1000.0,TrialState.COMPLETE,0.05370880974512872,,,,,
329,-1000.0,TrialState.COMPLETE,0.04815547576640178,,,,,
330,-1000.0,TrialState.COMPLETE,0.04109753675647874,,,,,
331,-1000.0,TrialState.COMPLETE,0.04519370612361913,,,,,
332,-1000.0,TrialState.COMPLETE,0.08310522981434984,,,,,
333,-1000.0,TrialState.COMPLETE,0.050627385473472446,,,,,
334,-1000.0,TrialState.COMPLETE,0.028015172456137067,,,,,
335,-1000.0,TrialState.COMPLETE,0.14618134058247884,,,,,
336,-1000.0,TrialState.COMPLETE,0.06448369257168765,,,,,
337,-1000.0,TrialState.COMPLETE,0.05871425667586168,,,,,
338,-1000.0,TrialState.COMPLETE,0.03802669554686466,,,,,
339,-1000.0,TrialState.COMPLETE,0.05468135426295427,,,,,
340,-1000.0,TrialState.COMPLETE,0.03365450898493784,,,,,
341,-1000.0,TrialState.COMPLETE,0.04641233642275293,,,,,
342,-1000.0,TrialState.COMPLETE,0.025043999372909333,,,,,
343,-1000.0,TrialState.COMPLETE,0.050878099150001126,,,,,
344,-1000.0,TrialState.COMPLETE,0.10682674567192078,,,,,
345,-1000.0,TrialState.COMPLETE,0.041983486608818336,,,,,
346,-1000.0,TrialState.COMPLETE,0.030931059631690454,,,,,
347,-1000.0,TrialState.COMPLETE,0.05659708622338022,,,,,
348,-1000.0,TrialState.COMPLETE,0.09927926041412029,,,,,
349,-1000.0,TrialState.COMPLETE,0.04826674155112797,,,,,
350,-1000.0,TrialState.COMPLETE,0.022587782604136717,,,,,
351,-1000.0,TrialState.COMPLETE,0.06819370181905454,,,,,
352,-1000.0,TrialState.COMPLETE,0.04010965239838453,,,,,
353,-1000.0,TrialState.COMPLETE,0.035097492073124036,,,,,
354,-1000.0,TrialState.COMPLETE,0.05262122216825748,,,,,
355,-1000.0,TrialState.COMPLETE,0.16078901265126588,,,,,
356,-1000.0,TrialState.COMPLETE,0.1326275047311323,,,,,
357,-1000.0,TrialState.COMPLETE,0.06033054596142877,,,,,
358,-1000.0,TrialState.COMPLETE,0.044818235440779786,,,,,
359,-1000.0,TrialState.COMPLETE,0.027151087110738412,,,,,
360,-1000.0,TrialState.COMPLETE,0.04921660316214908,,,,,
361,-1000.0,TrialState.COMPLETE,0.020469364274762123,,,,,
362,-1000.0,TrialState.COMPLETE,0.05605947052063236,,,,,
363,-1000.0,TrialState.COMPLETE,0.03782081453773775,,,,,
364,-1000.0,TrialState.COMPLETE,0.04358718146682812,,,,,
365,-1000.0,TrialState.COMPLETE,0.032002833033382784,,,,,
366,-1000.0,TrialState.COMPLETE,0.05278383443870671,,,,,
367,-1000.0,TrialState.COMPLETE,0.06397086941032401,,,,,
368,-1000.0,TrialState.COMPLETE,0.04761420131474045,,,,,
369,-1000.0,TrialState.COMPLETE,0.18176848834708587,,,,,
370,-1000.0,TrialState.COMPLETE,0.03982683627868624,,,,,
371,-1000.0,TrialState.COMPLETE,0.05870077963933353,,,,,
372,-1000.0,TrialState.COMPLETE,0.053982663095765375,,,,,
